{"repoSenseVersion":"524076bfc5","reportGeneratedTime":"Wed, 21 Jan 2026 22:30:45 UTC","reportGenerationTime":" 5.88 second(s)","zoneId":"Etc/UTC","reportTitle":"RepoSense Report","repos":[{"location":{"location":"https://github.com/AY2526S1-CS2103T-W11-1/tp.git","repoName":"tp","organization":"AY2526S1-CS2103T-W11-1","domainName":"github"},"branch":"master","displayName":"AY2526S1-CS2103T-W11-1/tp[master]","outputFolderName":"AY2526S1-CS2103T-W11-1_tp_master","sinceDate":"2025-01-01T00:00:00","untilDate":"2026-01-21T23:59:59"}],"errorSet":[],"sinceDate":"2025-01-01T00:00:00","untilDate":"2026-01-21T23:59:59","isSinceDateProvided":false,"isUntilDateProvided":false,"supportedDomainUrlMap":{"NOT_RECOGNIZED":{"BRANCH":"","REPO_URL":"UNSUPPORTED","BASE_URL":"UNSUPPORTED","HISTORY_PATH":"","COMMIT_PATH":"","BLAME_PATH":""},"github":{"BRANCH":"tree/$BRANCH","REPO_URL":"https://github.com/$ORGANIZATION/$REPO_NAME/","BASE_URL":"https://github.com/","HISTORY_PATH":"commits/$BRANCH/$FILE_PATH","COMMIT_PATH":"commit/$COMMIT_HASH","BLAME_PATH":"blame/$BRANCH/$FILE_PATH"}},"isAuthorshipAnalyzed":false,"repoBlurbs":{"blurbMap":{"https://github.com/reposense/RepoSense/tree/cypress":"Cypress branch of RepoSense","https://github.com/reposense/publish-RepoSense/tree/master":"Publishing branch of RepoSense"}},"authorBlurbs":{"blurbMap":{}},"chartBlurbs":{"blurbMap":{}},"isPortfolio":false}
