{"repoSenseVersion":"524076bfc5","reportGeneratedTime":"Sun, 18 Jan 2026 13:49:41 UTC","reportGenerationTime":" 6.21 second(s)","zoneId":"Etc/UTC","reportTitle":"RepoSense Report","repos":[{"location":{"location":"https://github.com/wuliyq/pOpOp.git","repoName":"pOpOp","organization":"wuliyq","domainName":"github"},"branch":"master","displayName":"wuliyq/pOpOp[master]","outputFolderName":"wuliyq_pOpOp_master","sinceDate":"2026-01-17T00:00:00","untilDate":"2026-01-18T23:59:59"},{"location":{"location":"https://github.com/reposense/RepoSense.git","repoName":"RepoSense","organization":"reposense","domainName":"github"},"branch":"master","displayName":"reposense/RepoSense[master]","outputFolderName":"reposense_RepoSense_master","sinceDate":"2025-12-18T00:00:00","untilDate":"2026-01-18T23:59:59"}],"errorSet":[],"sinceDate":"2025-12-18T00:00:00","untilDate":"2026-01-18T23:59:59","isSinceDateProvided":false,"isUntilDateProvided":false,"supportedDomainUrlMap":{"NOT_RECOGNIZED":{"BRANCH":"","REPO_URL":"UNSUPPORTED","BASE_URL":"UNSUPPORTED","HISTORY_PATH":"","COMMIT_PATH":"","BLAME_PATH":""},"github":{"BRANCH":"tree/$BRANCH","REPO_URL":"https://github.com/$ORGANIZATION/$REPO_NAME/","BASE_URL":"https://github.com/","HISTORY_PATH":"commits/$BRANCH/$FILE_PATH","COMMIT_PATH":"commit/$COMMIT_HASH","BLAME_PATH":"blame/$BRANCH/$FILE_PATH"}},"isAuthorshipAnalyzed":false,"repoBlurbs":{"blurbMap":{"https://github.com/reposense/RepoSense/tree/cypress":"Cypress branch of RepoSense","https://github.com/reposense/publish-RepoSense/tree/master":"Publishing branch of RepoSense"}},"authorBlurbs":{"blurbMap":{}},"chartBlurbs":{"blurbMap":{}},"isPortfolio":false}
