{"authorDailyContributionsMap":{"zhangjiayi":[{"date":"2026-01-17T00:00:00","commitResults":[{"hash":"0abd3d7f63c9e4d24f790521704fb174c23157b9","isMergeCommit":false,"messageTitle":"init","messageBody":"","fileTypesAndContributionMap":{"js":{"insertions":0,"deletions":0},"json":{"insertions":0,"deletions":0},"html":{"insertions":0,"deletions":0}}},{"hash":"9f4b6d905ba5c48c2876e23aba62406dbe862406","isMergeCommit":false,"messageTitle":"mvp","messageBody":"","fileTypesAndContributionMap":{"js":{"insertions":91,"deletions":0},"json":{"insertions":16,"deletions":0},"html":{"insertions":43,"deletions":0}}},{"hash":"4c10f7d38316211250dbb7d921861d430a32d6f6","isMergeCommit":true,"messageTitle":"Merge branch \u0027master\u0027 of github.com:wuliyq/pOpOp","messageBody":"","fileTypesAndContributionMap":{}},{"hash":"a8a8a291843a95db67cbf8a82e18615bf9dce934","isMergeCommit":false,"messageTitle":"bugg","messageBody":"","fileTypesAndContributionMap":{"js":{"insertions":112,"deletions":20},"json":{"insertions":2,"deletions":1},"html":{"insertions":85,"deletions":0}}},{"hash":"e845c5a3f8a52e2fd9c2c6d562a1db164c4c69eb","isMergeCommit":true,"messageTitle":"buggy","messageBody":"","fileTypesAndContributionMap":{}},{"hash":"30648ec31d873ee5e70ec13c7d6a16592747f404","isMergeCommit":false,"messageTitle":"init","messageBody":"","fileTypesAndContributionMap":{"js":{"insertions":127,"deletions":0},"json":{"insertions":10,"deletions":1},"html":{"insertions":25,"deletions":0}}},{"hash":"6e7f5158697fec23b52d23d7e2330c397ce26ed1","isMergeCommit":false,"messageTitle":"camera","messageBody":"","fileTypesAndContributionMap":{"js":{"insertions":27,"deletions":30}}},{"hash":"366a0221ed4d71a8816064d912c704a3bdb92403","isMergeCommit":true,"messageTitle":"Merge branch \u0027mlIntegrate\u0027 of github.com:wuliyq/pOpOp into mlIntegrate","messageBody":"","fileTypesAndContributionMap":{}},{"hash":"7900749a741ef96fc9d6d0b4f4a72e32aeb39713","isMergeCommit":false,"messageTitle":"Camera popup","messageBody":"","fileTypesAndContributionMap":{"js":{"insertions":10,"deletions":0}}},{"hash":"bb20016dd2625ff8a05544c872bb210f8b8f4c0b","isMergeCommit":false,"messageTitle":" Fist detection","messageBody":"","fileTypesAndContributionMap":{"js":{"insertions":132,"deletions":8}}},{"hash":"cede6fe8232c53167d03666d3846008b8a45878d","isMergeCommit":true,"messageTitle":"Merge branch \u0027master\u0027 of github.com:wuliyq/pOpOp","messageBody":"","fileTypesAndContributionMap":{}},{"hash":"1b779cf5c41bf7f4010cf04b1a0f79c7f483be19","isMergeCommit":true,"messageTitle":"Merge branch \u0027master\u0027 of github.com:wuliyq/pOpOp","messageBody":"","fileTypesAndContributionMap":{}},{"hash":"cc20d1f608bb7d8b85c2102d6e0f951f0dcc21eb","isMergeCommit":false,"messageTitle":"Exit full screen","messageBody":"","fileTypesAndContributionMap":{"md":{"insertions":70,"deletions":5},"js":{"insertions":40,"deletions":6}}},{"hash":"cb21484e6ee0004762ee2b762a744741ad099289","isMergeCommit":false,"messageTitle":"Exit full screen","messageBody":"","fileTypesAndContributionMap":{"js":{"insertions":4,"deletions":4}}},{"hash":"3f615fae599f655d525cf10b4cdd5c2d7e7817be","isMergeCommit":true,"messageTitle":"Merge branch \u0027master\u0027 of github.com:wuliyq/pOpOp","messageBody":"","fileTypesAndContributionMap":{}},{"hash":"d6a25a5196464e54039de979d93bf885eda861e1","isMergeCommit":false,"messageTitle":"change readme","messageBody":"","fileTypesAndContributionMap":{"md":{"insertions":6,"deletions":6}}}]},{"date":"2026-01-18T00:00:00","commitResults":[{"hash":"9a5470e39d68ca04bedd1308a933338c33f85d0d","isMergeCommit":false,"messageTitle":"Update Readme","messageBody":"","fileTypesAndContributionMap":{"md":{"insertions":8,"deletions":8}}},{"hash":"bc98fce197175a0d943f2767f7bc8518ef8676c4","isMergeCommit":true,"messageTitle":"Merge branch \u0027master\u0027 of github.com:wuliyq/pOpOp","messageBody":"","fileTypesAndContributionMap":{}},{"hash":"70549a1b54c436179457ac54dc76fbe2fb62d620","isMergeCommit":false,"messageTitle":"Update Readme","messageBody":"","fileTypesAndContributionMap":{"md":{"insertions":3,"deletions":6}}},{"hash":"43d29c742e1787c9936e78f610998198c1f3db81","isMergeCommit":true,"messageTitle":"Merge branch \u0027master\u0027 of github.com:wuliyq/pOpOp","messageBody":"","fileTypesAndContributionMap":{}},{"hash":"0bc6736c1528d6813e65021965e94b88189a1cbd","isMergeCommit":false,"messageTitle":"Update Readme","messageBody":"","fileTypesAndContributionMap":{"md":{"insertions":2,"deletions":0}}}]}],"wuliyq":[{"date":"2026-01-17T00:00:00","commitResults":[{"hash":"ed950de484b9272b70b5b1e3731e537497046efc","isMergeCommit":false,"messageTitle":"Add popop.js","messageBody":"","fileTypesAndContributionMap":{"js":{"insertions":0,"deletions":0}}},{"hash":"5ce122db3cb07cc9364d63d96d8e676484e2711f","isMergeCommit":false,"messageTitle":"Modify background and popop files","messageBody":"","fileTypesAndContributionMap":{"js":{"insertions":334,"deletions":98}}},{"hash":"9a901a536b4cd616fd5a6cce2c330072877dc6b4","isMergeCommit":false,"messageTitle":"Modify background file","messageBody":"","fileTypesAndContributionMap":{"js":{"insertions":7,"deletions":11},"html":{"insertions":24,"deletions":0}}},{"hash":"2f3cc57c8ea3f950684b9f311b82044134714359","isMergeCommit":false,"messageTitle":"Change array to stack","messageBody":"","fileTypesAndContributionMap":{"js":{"insertions":11,"deletions":11}}},{"hash":"b1f2ca070b82dcf05ba36f3d8f716324c0a7d493","isMergeCommit":false,"messageTitle":"Add shrink full-screen function","messageBody":"","fileTypesAndContributionMap":{"js":{"insertions":19,"deletions":0}}}]},{"date":"2026-01-18T00:00:00","commitResults":[{"hash":"d1c9e0b649a7e32a81d1ae4b79917d83175924ab","isMergeCommit":false,"messageTitle":"Buggy moving tabs function","messageBody":"","fileTypesAndContributionMap":{"js":{"insertions":65,"deletions":4}}},{"hash":"ab6dff5d3ad6ad52fd87cf099dcafa03ae620b97","isMergeCommit":false,"messageTitle":"Update README","messageBody":"","fileTypesAndContributionMap":{"md":{"insertions":1,"deletions":1}}},{"hash":"7735331809c0a8eb96a70f57b3e09de64dca4920","isMergeCommit":true,"messageTitle":"Merge branch \u0027master\u0027 of https://github.com/wuliyq/pOpOp","messageBody":"","fileTypesAndContributionMap":{}},{"hash":"f5138fd86bab29967ff4f72bb3e6d5b1ee787141","isMergeCommit":true,"messageTitle":"Merge branch \u0027trail-final\u0027 of https://github.com/wuliyq/pOpOp into trail-final","messageBody":"","fileTypesAndContributionMap":{}},{"hash":"622c8d3a11caa9e1babba0f591af9ce35b270423","isMergeCommit":false,"messageTitle":"Almost done twice","messageBody":"","fileTypesAndContributionMap":{"js":{"insertions":9,"deletions":3}}}]}],"Jotham Lim":[{"date":"2026-01-17T00:00:00","commitResults":[{"hash":"4f111a2464546e47a69e2977a864d81f15e836e2","isMergeCommit":false,"messageTitle":"Fixed popup window size","messageBody":"","fileTypesAndContributionMap":{"html":{"insertions":32,"deletions":11}}},{"hash":"b194497d8d1d2b41b66d92c4c069d318ef0194cf","isMergeCommit":false,"messageTitle":"feat: added button collapse and mode disabling fix: fixed useful mode, beautified popup","messageBody":"","fileTypesAndContributionMap":{"js":{"insertions":119,"deletions":11},"html":{"insertions":28,"deletions":3}}},{"hash":"5f4d0540a1796cb54166128eb338dbdfde8ad168","isMergeCommit":true,"messageTitle":"Merge branch \u0027master\u0027 of https://github.com/wuliyq/pOpOp","messageBody":"","fileTypesAndContributionMap":{}},{"hash":"3c8b28f959b6840071c8aad2274d29bd64a05111","isMergeCommit":false,"messageTitle":"deleted content.js","messageBody":"","fileTypesAndContributionMap":{"js":{"insertions":0,"deletions":45}}},{"hash":"ec0008d9b531dc413a67b5888db01f6942e101ac","isMergeCommit":false,"messageTitle":"fix: closes only popups with hand wave","messageBody":"","fileTypesAndContributionMap":{"js":{"insertions":49,"deletions":81}}},{"hash":"2bb8fde21f7e8aa850ab14bcd7164b048ddef892","isMergeCommit":true,"messageTitle":"Merge branch \u0027master\u0027 of https://github.com/wuliyq/pOpOp","messageBody":"","fileTypesAndContributionMap":{}},{"hash":"1585df7995caaadc08ae5f828a48e10c37fae813","isMergeCommit":false,"messageTitle":"fix: fixed clear chaos, changed gestures","messageBody":"","fileTypesAndContributionMap":{"js":{"insertions":61,"deletions":51}}},{"hash":"73ee9434cd97dee56414ad3f170bf7e75a96eed1","isMergeCommit":false,"messageTitle":"fix: deconflicted","messageBody":"","fileTypesAndContributionMap":{"js":{"insertions":4,"deletions":53}}}]},{"date":"2026-01-18T00:00:00","commitResults":[{"hash":"dddcfd42999fd4ebcf555fd4ab7db16693fc63e4","isMergeCommit":false,"messageTitle":"feat: beautified popup","messageBody":"","fileTypesAndContributionMap":{"html":{"insertions":140,"deletions":47}}}]}],"YuLetian":[{"date":"2026-01-17T00:00:00","commitResults":[{"hash":"9af0ea5f786198947f69ed5edb9acf370df83708","isMergeCommit":false,"messageTitle":"Useful mode split","messageBody":"","fileTypesAndContributionMap":{"js":{"insertions":21,"deletions":8},"json":{"insertions":2,"deletions":1}}},{"hash":"dd8b13f1ac2566ff0b5d756d5b6a4779933efcae","isMergeCommit":false,"messageTitle":"Add icons","messageBody":"","fileTypesAndContributionMap":{"json":{"insertions":6,"deletions":1}}},{"hash":"f946d3d7b40531c7ca61afe1c25d61e8b1e8ab73","isMergeCommit":false,"messageTitle":"Resolve conflict","messageBody":"","fileTypesAndContributionMap":{"js":{"insertions":7,"deletions":8},"json":{"insertions":1,"deletions":0}}},{"hash":"0be3355f76da8f909c42156b33d55ab06becab6e","isMergeCommit":false,"messageTitle":"Fix loop","messageBody":"","fileTypesAndContributionMap":{"js":{"insertions":38,"deletions":36}}},{"hash":"b2bb2e1e0a9b8598670eb2dc51501b13abf50808","isMergeCommit":false,"messageTitle":"Refactor","messageBody":"","fileTypesAndContributionMap":{"js":{"insertions":52,"deletions":58},"html":{"insertions":3,"deletions":3}}},{"hash":"438427dfe4c6dc0a1b7700053c2877648cbb8556","isMergeCommit":true,"messageTitle":"Merge","messageBody":"","fileTypesAndContributionMap":{}},{"hash":"bb02e9a3948d91bcb7ca3b6310053cbc0488cc2d","isMergeCommit":true,"messageTitle":"Merge branch \u0027mlIntegrate\u0027 of github.com:wuliyq/pOpOp into mlIntegrate","messageBody":"","fileTypesAndContributionMap":{}},{"hash":"3044ae07da91fe381af5ea6c488e34928ecef112","isMergeCommit":false,"messageTitle":"Button","messageBody":"","fileTypesAndContributionMap":{"html":{"insertions":1,"deletions":0}}},{"hash":"9a4de3284112cb5949ffa4c9c47f93eae6dc22e3","isMergeCommit":true,"messageTitle":"Merge branch \u0027master\u0027 of github.com:wuliyq/pOpOp into mlIntegrate","messageBody":"","fileTypesAndContributionMap":{}},{"hash":"9e6a7a5f405f0552c9d0abc52f037630dfd11a7f","isMergeCommit":false,"messageTitle":"Video turn on","messageBody":"","fileTypesAndContributionMap":{"js":{"insertions":73,"deletions":33},"json":{"insertions":4,"deletions":1}}},{"hash":"28485d721cc192a0f7823a96a81af97f783b4d9a","isMergeCommit":false,"messageTitle":"Feat: close all taps not use camera","messageBody":"","fileTypesAndContributionMap":{"js":{"insertions":18,"deletions":246},"html":{"insertions":0,"deletions":85}}},{"hash":"3d5752f3b64ed0978bbd9be5df2e628eed909433","isMergeCommit":true,"messageTitle":"Merge branch \u0027master\u0027 of github.com:wuliyq/pOpOp into mlIntegrate","messageBody":"","fileTypesAndContributionMap":{}},{"hash":"cc7c12ddb5ffbe20dfcc3181eee935234fcc1fae","isMergeCommit":false,"messageTitle":"Clean up","messageBody":"","fileTypesAndContributionMap":{"gitignore":{"insertions":1,"deletions":0}}},{"hash":"1b804d9aa657d9aac1f486d2b8444620358c3c58","isMergeCommit":false,"messageTitle":"Readme","messageBody":"","fileTypesAndContributionMap":{"md":{"insertions":7,"deletions":0}}},{"hash":"a162e273a1ed423f719080391431c353b65097bf","isMergeCommit":false,"messageTitle":"init gest","messageBody":"","fileTypesAndContributionMap":{"css":{"insertions":112,"deletions":0},"js":{"insertions":310,"deletions":22},"json":{"insertions":7,"deletions":1},"html":{"insertions":68,"deletions":2}}},{"hash":"10288190a1ab47ef9184502e287909e62cf6e4ce","isMergeCommit":false,"messageTitle":"complete gesture","messageBody":"","fileTypesAndContributionMap":{"js":{"insertions":21,"deletions":15}}},{"hash":"fd469974d18eaf328d58e3f753d67c0a56e5e1f9","isMergeCommit":false,"messageTitle":"remove","messageBody":"","fileTypesAndContributionMap":{"css":{"insertions":0,"deletions":112},"js":{"insertions":0,"deletions":239},"html":{"insertions":0,"deletions":46}}},{"hash":"d2899f3db9a8235791a7c81bf3c24e0b943b852b","isMergeCommit":true,"messageTitle":"Merge branch \u0027master\u0027 of github.com:wuliyq/pOpOp into gesture","messageBody":"","fileTypesAndContributionMap":{}},{"hash":"0cfa127fafa7d29e8a28d4a15b33f7df1619b12c","isMergeCommit":false,"messageTitle":"Feat: gesture","messageBody":"","fileTypesAndContributionMap":{"js":{"insertions":35,"deletions":12}}}]},{"date":"2026-01-18T00:00:00","commitResults":[{"hash":"187a3f606bb3a69b7989e38b83f071e07b634c92","isMergeCommit":false,"messageTitle":"video","messageBody":"","fileTypesAndContributionMap":{}},{"hash":"8aac2150b9e01edbf38b3f9588e0e5809509ab99","isMergeCommit":false,"messageTitle":"Singleton video","messageBody":"","fileTypesAndContributionMap":{"js":{"insertions":24,"deletions":9}}},{"hash":"dac5e924d71eb8ef9b5d7857322884c956db525d","isMergeCommit":true,"messageTitle":"Merge branch \u0027moving-tabs\u0027 of github.com:wuliyq/pOpOp into moving-tabs","messageBody":"","fileTypesAndContributionMap":{}},{"hash":"105170bc70c41108a9107574828f4fbd4df589d5","isMergeCommit":false,"messageTitle":"moving popups","messageBody":"","fileTypesAndContributionMap":{"js":{"insertions":20,"deletions":20}}},{"hash":"6eed9b85e285872116c4b2a216bb37444213e004","isMergeCommit":true,"messageTitle":"Merge branch \u0027master\u0027 of github.com:wuliyq/pOpOp","messageBody":"","fileTypesAndContributionMap":{}},{"hash":"acf1bed3a2e88d62c102687f39017c9373a7d0ae","isMergeCommit":false,"messageTitle":"Change thumb down to up","messageBody":"","fileTypesAndContributionMap":{"js":{"insertions":2,"deletions":2}}},{"hash":"d3761260c336ded7169c4aa11c56516287e81c60","isMergeCommit":false,"messageTitle":"Fix","messageBody":"","fileTypesAndContributionMap":{"js":{"insertions":88,"deletions":29}}},{"hash":"60b51df4b4d3dffc58085f75a63595105c541f5b","isMergeCommit":true,"messageTitle":"Merge branch \u0027master\u0027 of github.com:wuliyq/pOpOp","messageBody":"","fileTypesAndContributionMap":{}},{"hash":"cb98ddfc5bbb23d44435c28e7dbf9cbf4a69f478","isMergeCommit":false,"messageTitle":"Almost done","messageBody":"","fileTypesAndContributionMap":{"js":{"insertions":46,"deletions":24}}},{"hash":"8628b4ee98903cecc57e7b2fd09b442c3aee4e4f","isMergeCommit":true,"messageTitle":"Merge branch \u0027master\u0027 of github.com:wuliyq/pOpOp","messageBody":"","fileTypesAndContributionMap":{}},{"hash":"5f5547dce0a4959e42fa5b4308e58527aaf77fb0","isMergeCommit":false,"messageTitle":"update","messageBody":"","fileTypesAndContributionMap":{"md":{"insertions":2,"deletions":0}}}]}]},"authorFileTypeContributionMap":{"zhangjiayi":{"md":68,"js":172,"html":45,"json":21},"wuliyq":{"md":1,"js":140,"html":24},"Jotham Lim":{"js":161,"html":161},"YuLetian":{"gitignore":1,"md":4,"js":315,"html":21,"json":20}},"authorContributionVariance":{"zhangjiayi":23472.672,"wuliyq":8154.34,"Jotham Lim":9949.718,"YuLetian":90395.37},"authorDisplayNameMap":{"zhangjiayi":"zhangjiayi","wuliyq":"wuliyq","Jotham Lim":"Jotham Lim","YuLetian":"YuLetian"}}
